url_path,views_total,views_unique
/unibas-dmi-hpc/SPH-EXA,71,32
/unibas-dmi-hpc/SPH-EXA/tree/develop/main/src,36,6
/unibas-dmi-hpc/SPH-EXA/pulls,33,5
/unibas-dmi-hpc/SPH-EXA/tree/develop/main,32,7
/unibas-dmi-hpc/SPH-EXA/pull/427,30,3
/unibas-dmi-hpc/SPH-EXA/tree/develop/sph,24,5
/unibas-dmi-hpc/SPH-EXA/activity,20,1
/unibas-dmi-hpc/SPH-EXA/tree/develop/domain,16,2
/unibas-dmi-hpc/SPH-EXA/tree/github-repo-stats/unibas-dmi-hpc/SPH-EXA,16,2
/unibas-dmi-hpc/SPH-EXA/tree/develop/sph/include/sph,14,3
